{
    "loss": 22.512365341186523,
    "accuracy": 0.690077006816864
}