{
    "loss": 10.893749237060547,
    "accuracy": 0.35070231556892395
}